{
  "hostname": "opto-05-12-c1",
  "eth0": {
    "method": "static",
    "address": "192.168.1.51",
    "netmask": "255.255.255.0",
    "gateway": {},
    "dns": {
      "nameServers": [
        "",
        "",
        ""
      ],
      "searchDomains": [
        "",
        "",
        ""
      ]
    }
  },
  "eth1": {
    "method": "manual"
  },
  "wlan": {
    "ssid": "",
    "encryptionType": "none",
    "keyType": "ascii",
    "key": "",
    "method": "manual",
    "address": "",
    "netmask": "",
    "dns": {
      "nameServers": [
        "",
        "",
        ""
      ],
      "searchDomains": [
        "",
        "",
        ""
      ]
    },
    "gateway": {}
  },
  "gateway": {
    "address": "",
    "method": "auto",
    "order": 9999
  },
  "dns": {
    "auto": true,
    "domain": "",
    "nameServers": [],
    "searchDomains": [],
    "order": 9999
  },
  "tun0GatewayDns": {
    "gateway": {
      "order": 255
    },
    "dns": {
      "order": 255
    }
  }
}