{
  "rules": [
    {
      "title": "groov RIO",
      "eth0Allow": true,
      "wlan0Allow": true,
      "tun0Allow": true
    },
    {
      "title": "OptoMMP",
      "eth0Allow": true,
      "wlan0Allow": false,
      "tun0Allow": true
    },
    {
      "title": "ModbusTCP",
      "eth0Allow": true,
      "wlan0Allow": false,
      "tun0Allow": true
    },
    {
      "title": "CODESYS Controller TCP",
      "eth0Allow": true,
      "wlan0Allow": false,
      "tun0Allow": true
    },
    {
      "title": "CODESYS Controller UDP",
      "eth0Allow": true,
      "wlan0Allow": false,
      "tun0Allow": true
    }
  ]
}